"","x"
"1","TAC01"
"2","TAC02"
"3","TAC03"
"4","TAC05"
"5","TAC06"
"6","TAC07"
"7","TAC08"
"8","TAC09"
"9","TAC10"
"10","TAR01"
"11","TAR02"
"12","TAR03"
"13","TAR04"
"14","TAR05"
"15","TAR06"
"16","TAR07"
"17","TAR08"
"18","TAR09"
"19","TAR10"
"20","TAR11"
"21","TAR12"
"22","TAR13"
"23","TAR14"
"24","TAR15"
"25","TAR16"
"26","TAR17"
"27","TAR18"
"28","TAR19"
"29","TAR20"
"30","TAR21"
"31","TAR22"
"32","TAR23"
"33","TAR24"
"34","TAR25"
"35","TAR26"
"36","TAR27"
"37","TAR28"
"38","TAR29"
"39","TAR30"
"40","TAR31"
"41","TAR32"
"42","TAR33"
"43","TAR34"
"44","TAR35"
"45","TAR36"
"46","TAR37"
"47","TAR38"
"48","TAR39"
"49","TAR40"
"50","TAR41"
"51","TAR42"
"52","TAR43"
"53","TAR44"
"54","TAR45"
"55","TAR46"
"56","TAR47"
"57","TAR48"
"58","TAR49"
"59","TAR50"
"60","TBA01"
"61","TBA02"
"62","TBA03"
"63","TBA04"
"64","TBA05"
"65","TBA06"
"66","TBA07"
"67","TBA08"
"68","TBA09"
"69","TBA10"
"70","TBA11"
"71","TBA12"
"72","TBA13"
"73","TBA14"
"74","TDA01"
"75","TDA02"
"76","TDA03"
"77","TDA04"
"78","TDA05"
"79","TDA06"
"80","TDA07"
"81","TDA08"
"82","TDA09"
"83","TDA10"
"84","TDA11"
"85","TDA12"
"86","TDA13"
"87","TEL01"
"88","TEL02"
"89","TEL03"
"90","TEL04"
"91","TEL05"
"92","TEL06"
"93","TEL07"
"94","TEL08"
"95","TEL09"
"96","TEL10"
"97","TEL11"
"98","TEL12"
"99","TEL13"
"100","TIL01"
"101","TIL02"
"102","TIL03"
"103","TIL04"
"104","TIL05"
"105","TIL06"
"106","TIL07"
"107","TIL08"
"108","TIL09"
"109","TIL10"
"110","TIL11"
"111","TIL12"
"112","TIL13"
"113","TIL14"
"114","TIL15"
"115","TIL16"
"116","TIL17"
"117","TIL18"
"118","TIL19"
"119","TKA01"
"120","TKA02"
"121","TKA03"
"122","TKA04"
"123","TKA05"
"124","TKA06"
"125","TKA07"
"126","TKA08"
"127","TKA09"
"128","TKA10"
"129","TKA11"
"130","TKA12"
"131","TKA13"
"132","TKA14"
"133","TKA15"
"134","TKA16"
"135","TKA17"
"136","TKA18"
"137","TKA19"
"138","TKA20"
"139","TKG01"
"140","TKG02"
"141","TKG03"
"142","TKG04"
"143","TKG05"
"144","TKG06"
"145","TKG07"
"146","TTO01"
"147","TTO02"
"148","TTO03"
"149","TTO04"
"150","TTO05"
"151","TTO06"
"152","TTO07"
"153","TTO08"
"154","TTO09"
"155","TTO10"
"156","TTO11"
"157","TTO12"
"158","TUL01"
"159","TUL02"
"160","TUL03"
"161","TUL04"
"162","TUL05"
"163","TUL06"
"164","TUL07"
"165","TUL08"
"166","TUL09"
"167","TUL10"
"168","TUL11"
"169","TUL12"
"170","TUL13"
"171","TUL14"
"172","TUL15"
"173","TUL16"
